{"accuracy": [0.5946653485298157, 0.8625222444534302, 0.9187850952148438, 0.9426844120025635, 0.9568532705307007, 0.9665694832801819, 0.9724873900413513, 0.9776086211204529, 0.9797852039337158, 0.9825592041015625], "loss": [1.3713715076446533, 0.4335658550262451, 0.251394122838974, 0.17546845972537994, 0.13207489252090454, 0.10220999270677567, 0.08368898928165436, 0.06844153255224228, 0.06286613643169403, 0.05531797558069229], "val_accuracy": [0.8625085353851318, 0.8939790725708008, 0.9380264282226562, 0.9454814195632935, 0.947302520275116, 0.9620987772941589, 0.954359233379364, 0.9479854106903076, 0.9630662202835083, 0.9597655534744263], "val_loss": [0.4458863437175751, 0.3470103442668915, 0.19442316889762878, 0.16592612862586975, 0.16635830700397491, 0.1192755326628685, 0.14052297174930573, 0.1673440933227539, 0.12472041696310043, 0.1350661814212799]}